{"micro_prc": 0.43373493975903615, "micro_rec": 0.391304347826087, "micro_f1": 0.4114285714285715, "avg_prc": 0.5383333333333333, "avg_rec": 0.6583333333333334, "avg_f1": 0.5339999999999999}