{"micro_prc": 0.417910447761194, "micro_rec": 0.4057971014492754, "micro_f1": 0.411764705882353, "avg_prc": 0.5234559170202735, "avg_rec": 0.6707095709570956, "avg_f1": 0.4938130012096232}