{"micro_prc": 0.7387387387387387, "micro_rec": 0.7321428571428571, "micro_f1": 0.7354260089686099, "avg_prc": 0.765, "avg_rec": 0.8566666666666667, "avg_f1": 0.7471428571428571}